work_year,experience_level,job_title,company_location,company_size,salary_in_usd
2023,2,6,66,1,280700
2022,3,3,66,1,80000
2023,3,5,66,1,156400
2022,3,5,66,1,125000
2020,2,5,66,1,118000
2022,2,4,25,1,92350
2023,3,4,66,1,289800
2022,2,8,18,2,84053
2023,3,3,66,1,64980
2023,2,6,66,1,160000
2020,0,5,66,2,105000
2023,3,3,66,1,130000
2023,0,6,66,1,145885
2022,2,6,66,1,180000
2022,3,4,66,1,185900
2022,3,3,66,1,192500
2022,0,3,66,0,46000
2022,3,3,22,1,50432
2023,3,4,66,1,205600
2023,3,5,10,1,258000
2021,3,5,66,0,220000
2022,3,5,66,1,148000
2022,3,5,66,1,186000
2022,2,4,66,1,118000
2022,2,3,35,1,17805
2023,3,4,18,2,107309
2023,0,4,59,2,130000
2023,0,5,12,0,121093
2023,3,5,66,1,102500
2023,3,3,66,1,140000
2023,3,6,66,1,203500
2022,2,4,66,1,85000
2023,0,1,66,0,130760
2023,3,6,66,1,188800
2023,3,5,66,1,145000
2022,3,1,66,1,192000
2023,3,4,66,1,150000
2022,3,5,66,1,120000
2023,3,3,66,1,110000
2023,3,5,66,1,182000
2023,3,6,10,1,158000
2022,3,5,66,1,155000
2023,3,5,66,1,84000
2022,2,3,25,1,49253
2021,2,5,18,0,90734
2022,3,4,66,1,100000
2023,0,3,66,1,100000
2022,0,6,56,0,21013
2022,3,4,66,1,130000
2022,0,5,66,1,80000
2021,3,4,10,0,127221
2022,2,5,25,1,86193
2023,0,4,66,1,155000
2022,2,5,35,0,13989
2022,3,6,66,1,119000
2023,3,3,66,1,165000
2023,3,6,66,1,318300
2023,3,3,66,1,110600
2023,3,5,66,1,105000
2021,0,5,24,1,49646
2023,2,5,66,1,82920
2023,3,5,66,1,180000
2023,3,4,66,1,180000
2023,3,5,66,1,237000
2020,2,6,56,1,50180
2022,3,5,66,1,225000
2022,3,4,66,1,250000
2022,3,5,66,1,141525
2022,3,4,66,1,175000
2023,0,0,6,0,70000
2022,0,3,66,1,20000
2022,3,6,47,1,185000
2022,3,5,66,1,149850
2022,3,4,66,1,140000
2023,3,3,66,1,145000
2022,3,5,66,1,191475
2023,3,5,66,1,134000
2023,3,4,66,0,240500
2022,3,4,66,1,190000
2023,3,4,66,1,221484
2023,2,3,66,1,150000
2023,3,4,66,1,188500
2023,2,3,66,1,150000
2023,3,5,66,1,191765
2023,3,4,66,1,231250
2022,0,3,66,0,50000
2023,3,6,66,1,284310
2022,3,3,66,1,112900
2023,3,3,35,2,15806
2020,0,5,24,2,51321
2022,2,4,25,1,67723
2023,2,3,66,1,85000
2022,2,7,66,1,98000
2022,3,3,66,1,81666
2023,3,6,66,1,288000
2023,3,3,66,1,192500
2020,3,5,66,0,412000
2023,2,3,66,1,110000
2020,2,4,5,0,74130
2023,3,6,66,1,240000
2023,3,5,66,1,237000
2022,3,1,66,0,108000
2023,2,4,66,1,100000
2022,2,4,25,1,61566
2023,3,8,66,1,136000
2023,3,4,66,1,185900
2022,2,4,66,1,170000
2021,2,4,64,1,12103
2022,3,3,66,1,123648
2022,3,4,66,1,170000
2022,3,4,66,1,106800
2023,3,4,66,1,138750
2022,2,4,66,1,160000
2023,1,4,66,1,115500
2022,2,3,66,1,124000
2023,3,4,66,1,115000
2023,3,6,66,1,204500
2022,2,1,66,1,135000
2023,3,6,66,1,172200
2023,2,4,66,1,70000
2023,3,5,22,1,38631
2022,3,4,66,1,145000
2023,3,6,66,1,147000
2023,3,4,66,1,153600
2022,2,5,66,1,90000
2022,3,4,66,1,166000
2023,0,8,66,1,100000
2022,3,5,66,0,380000
2023,3,5,66,1,300240
2023,2,4,66,1,162500
2023,3,5,66,1,245000
2023,3,4,66,1,133300
2023,3,3,66,1,148700
2022,2,5,66,1,200000
2022,2,5,50,1,89306
2023,3,3,66,1,190000
2023,3,4,66,1,170000
2023,3,8,66,1,215000
2023,2,3,66,1,182500
2023,3,5,66,1,120000
2023,3,4,66,1,160000
2023,3,6,66,1,280000
2023,3,3,66,1,185000
2022,3,4,66,1,160000
2022,2,4,66,1,130000
2022,3,3,66,1,81666
2021,2,6,38,2,77364
2022,2,5,24,1,63040
2023,3,5,66,1,160000
2023,3,1,66,0,136000
2022,3,4,66,1,102000
2022,1,4,66,1,157000
2023,1,3,66,1,155000
2023,2,3,66,1,80000
2023,3,5,66,1,215050
2023,3,5,66,1,129300
2023,3,3,66,1,145000
2022,3,4,66,1,70000
2022,3,5,66,1,243225
2022,3,4,66,1,164000
2023,3,4,66,1,237000
2023,3,8,66,1,94192
2022,3,5,66,1,191475
2023,3,6,66,1,186000
2023,3,5,22,1,48289
2023,3,4,66,1,130000
2022,3,4,66,1,63000
2022,3,5,66,1,140000
2023,3,4,66,1,175000
2022,3,4,66,1,136000
2022,3,4,66,1,266400
2023,3,5,10,1,120000
2023,3,6,66,1,212200
2022,3,4,66,1,80000
2022,3,4,66,1,185900
2022,3,6,66,1,220000
2022,0,3,18,0,60938
2023,3,5,66,1,210000
2023,3,4,66,1,190000
2022,3,5,66,1,205000
2021,2,5,9,2,12901
2023,3,4,66,1,94300
2022,2,5,66,0,108000
2022,3,6,66,1,164996
2023,3,5,66,1,205000
2023,0,6,66,1,220000
2021,2,5,35,2,9466
2023,0,4,66,1,62000
2023,3,5,66,1,115000
2023,3,3,66,1,100500
2022,2,5,24,1,52533
2023,3,3,18,1,71897
2023,3,4,66,1,150000
2023,3,4,66,1,140000
2022,3,3,10,1,130000
2022,3,1,66,1,150000
2023,3,4,66,1,130000
2023,3,3,10,1,175000
2022,3,4,66,1,210000
2022,3,5,66,1,129300
2022,3,5,66,1,165000
2023,3,5,42,1,77262
2023,3,3,66,1,153600
2023,3,3,66,2,80000
2023,3,6,66,1,142200
2022,3,4,66,1,129300
2023,3,4,66,1,85000
2022,3,4,66,1,129300
2022,3,3,66,1,169000
2022,0,4,66,2,65000
2023,3,4,66,1,217000
2023,3,6,66,1,142200
2022,3,3,66,1,99000
2023,3,1,66,1,165750
2023,3,4,66,1,104000
2023,3,4,66,1,129000
2022,2,3,66,1,135000
2023,3,5,66,1,239748
2020,0,3,49,2,10000
2023,3,6,66,1,204500
2022,3,4,66,1,153600
2023,3,5,66,1,156400
2022,2,5,66,0,153000
2022,3,4,66,1,200100
2021,2,4,66,0,180000
2022,0,3,66,0,48000
2022,3,3,66,0,405000
2023,2,4,66,1,140000
2022,3,4,66,1,101570
2022,3,4,66,1,190000
2022,3,4,66,1,140250
2023,3,3,66,1,80000
2022,3,5,66,1,156400
2022,3,5,66,1,153000
2023,3,5,66,1,145000
2022,3,5,66,1,141525
2023,3,5,66,1,183000
2022,3,4,10,1,161311
2022,2,6,25,1,104663
2023,3,5,66,1,245100
2022,3,5,66,1,150000
2022,3,3,66,1,166700
2023,3,5,66,1,156400
2023,3,4,66,1,180000
2023,3,3,66,1,85500
2022,2,3,66,1,150000
2022,3,4,66,1,115000
2021,3,3,66,0,170000
2022,3,6,66,1,120000
2021,2,4,66,0,112000
2022,2,4,25,1,110820
2023,3,5,66,1,148750
2023,3,5,66,1,104000
2023,3,5,66,1,175000
2023,3,4,66,1,129000
2022,2,3,66,1,85000
2023,3,1,66,0,222200
2021,2,5,49,0,50000
2022,3,3,66,1,130050
2022,3,3,66,1,99450
2023,0,4,66,1,160000
2022,3,5,66,0,180000
2022,3,4,66,1,135000
2023,2,6,66,1,150450
2022,3,3,66,1,90320
2023,2,5,66,1,70000
2023,3,6,66,1,170000
2023,3,6,66,1,170000
2023,0,8,66,1,100000
2023,3,4,66,1,178500
2022,3,5,66,1,191475
2023,3,5,66,1,190000
2022,3,4,25,1,82280
2022,3,3,66,1,149000
2021,3,3,10,1,71786
2023,3,6,10,1,260000
2023,3,4,66,1,147000
2023,3,3,66,1,120000
2022,3,4,66,1,250000
2023,3,4,66,1,117000
2022,3,4,66,1,105200
2023,3,8,66,1,250000
2022,0,6,12,2,56536
2022,0,6,18,2,33000
2023,3,4,66,1,152500
2022,3,3,66,1,129000
2023,3,5,10,1,190000
2023,2,4,66,1,100000
2023,3,5,66,1,156400
2022,3,5,66,1,129300
2022,3,4,66,1,78000
2023,3,3,66,1,180000
2022,3,5,66,1,140000
2021,2,6,38,2,63711
2023,2,7,66,1,120000
2022,3,4,66,1,95000
2023,3,5,66,1,218500
2022,3,5,66,1,135000
2023,3,5,22,1,38631
2023,3,5,66,1,120000
2022,3,5,66,1,230000
2022,3,5,66,1,104000
2023,3,4,66,1,252000
2023,2,0,66,1,200000
2022,0,3,66,1,100000
2023,3,4,66,1,175000
2023,2,3,10,1,130000
2023,3,4,66,1,129000
2023,2,4,66,1,167500
2023,3,5,66,1,149076
2022,2,4,27,1,52533
2022,3,4,66,0,131300
2023,3,5,66,1,149076
2023,0,4,66,1,120000
2022,3,4,66,1,185900
2022,3,5,66,1,120000
2023,3,4,66,1,180000
2022,3,4,66,1,300000
2023,3,6,10,0,53654
2023,2,3,66,1,120000
2022,0,3,10,1,67000
2023,3,3,66,1,165000
2022,3,5,66,1,185000
2023,3,5,66,1,225900
2023,2,6,66,1,175000
2023,1,5,66,1,249300
2022,3,5,66,0,192000
2023,3,5,66,1,299500
2022,3,4,66,1,85000
2023,0,4,66,1,85000
2023,3,5,66,1,94000
2021,2,3,66,1,100000
2022,0,6,66,0,115000
2023,3,3,66,1,148500
2023,2,3,66,1,130000
2021,3,3,52,2,50000
2023,2,3,25,1,78990
2023,3,3,66,1,94000
2023,0,4,67,0,12000
2023,2,4,66,1,130000
2023,3,4,66,1,130000
2023,3,4,66,1,291500
2023,3,4,66,1,199000
2021,2,4,25,0,72212
2023,3,8,66,1,200000
2023,3,4,66,1,81500
2023,3,5,66,1,275300
2022,3,4,66,1,193000
2023,3,4,66,1,115000
2022,3,4,66,1,70500
2022,3,3,22,1,36773
2022,3,4,66,1,130000
2022,3,3,66,1,131000
2023,3,5,66,1,370000
2020,0,5,24,1,39916
2022,3,3,66,1,105000
2023,3,8,66,1,180000
2022,3,4,66,0,113000
2021,3,3,66,0,120000
2023,3,4,66,1,160000
2023,3,4,66,0,105700
2021,2,1,66,0,423000
2022,2,1,66,1,75000
2020,0,6,66,0,250000
2022,3,3,66,1,110600
2023,3,8,66,1,200000
2022,3,4,66,1,129300
2023,3,3,66,1,105500
2023,2,4,22,1,66531
2023,3,3,66,1,106000
2022,2,4,66,1,75000
2023,3,4,66,1,226700
2022,3,5,66,0,159200
2022,3,5,66,1,129300
2023,3,3,66,1,85000
2022,3,4,66,1,138750
2023,2,3,66,1,52500
2023,3,5,66,1,110000
2023,3,5,10,1,90000
2023,3,5,10,1,72000
2023,3,4,66,1,140000
2023,2,3,25,1,78990
2023,3,3,66,1,93919
2023,3,4,66,1,94000
2022,3,6,66,1,150000
2023,3,6,66,1,90700
2023,3,6,66,1,215000
2023,3,5,66,1,145000
2022,3,5,66,1,185400
2020,3,4,66,0,188000
2023,3,3,66,1,169000
2021,0,8,25,0,82528
2023,3,3,66,1,106020
2022,2,5,66,1,225000
2023,1,4,66,1,200000
2021,0,4,66,0,80000
2023,3,4,66,1,213120
2023,3,5,66,1,239748
2023,2,4,66,1,120000
2023,3,6,66,2,200000
2023,2,8,66,1,150000
2022,2,4,66,1,95000
2022,2,4,9,1,48000
2023,2,6,66,1,130000
2022,3,3,66,1,109280
2022,3,4,66,1,345600
2022,3,4,66,1,191200
2022,3,4,22,1,36773
2023,3,6,66,1,304000
2022,3,4,66,1,175000
2022,3,4,66,1,243900
2022,3,3,22,1,50432
2023,3,5,22,0,85847
2023,3,5,66,1,225000
2023,2,6,2,2,50000
2023,2,3,25,1,51039
2023,3,5,66,1,136000
2023,2,4,66,1,120000
2022,3,4,66,1,129400
2022,3,4,66,1,90000
2023,3,4,66,1,81500
2023,2,4,25,1,66837
2023,3,6,66,1,318300
2022,3,5,66,1,141525
2023,3,5,66,1,170000
2022,3,4,66,1,134000
2022,3,3,66,1,169000
2022,0,6,66,0,180000
2022,3,6,66,1,85000
2022,3,4,66,1,145000
2022,3,3,66,1,169000
2022,2,3,66,2,58000
2023,3,5,66,1,170000
2023,3,4,66,1,133832
2023,0,3,66,1,75000
2023,3,4,66,1,129000
2023,2,4,25,1,85066
2022,2,4,25,1,73880
2023,3,3,66,1,180180
2023,3,3,66,1,105500
2022,3,3,66,1,66000
2022,2,5,64,1,10000
2021,3,5,35,0,54094
2023,2,3,25,1,72914
2023,3,4,66,1,120000
2023,3,6,66,1,235000
2020,2,4,66,0,106000
2022,2,4,66,1,175000
2022,2,5,66,1,78000
2022,2,4,66,1,160000
2023,3,4,66,1,180000
2023,3,5,66,1,149076
2021,2,5,25,0,56256
2023,3,6,66,1,126000
2022,3,5,66,1,138600
2023,2,3,66,0,105000
2023,0,3,27,0,12877
2022,3,3,66,1,130000
2023,3,4,66,1,174500
2023,3,3,66,1,106800
2023,3,4,66,1,220000
2021,2,5,66,1,150000
2021,0,3,66,2,60000
2023,3,6,66,1,139500
2022,3,5,66,1,155000
2022,2,1,66,0,112300
2022,3,5,66,1,101570
2022,2,5,24,1,52533
2022,2,5,66,1,130000
2023,3,8,66,1,120000
2021,3,8,10,0,96113
2022,2,6,18,1,84053
2022,3,3,66,1,135000
2022,3,7,66,1,200000
2023,3,4,66,1,105200
2023,2,6,66,1,145000
2022,3,4,66,1,122600
2023,3,3,66,1,85000
2022,3,5,66,1,141525
2022,2,5,66,1,145000
2022,2,5,25,1,61566
2022,3,4,66,0,177600
2023,2,5,66,1,51962
2023,3,4,25,1,101228
2021,3,4,25,2,103160
2023,3,3,66,1,128500
2021,2,6,22,2,47282
2021,3,3,19,0,88654
2023,3,3,66,1,112000
2022,3,4,66,0,100800
2022,3,3,66,1,115000
2022,3,5,22,1,37824
2023,3,6,18,1,275000
2023,3,5,66,1,147100
2023,3,4,66,1,214200
2021,2,6,61,0,24823
2023,3,4,25,1,138000
2023,3,6,66,1,153088
2021,0,8,4,1,20000
2023,3,2,66,1,156400
2023,3,4,66,1,167580
2023,3,3,66,1,80000
2022,3,6,66,0,190000
2023,2,3,66,1,100000
2023,1,4,66,1,115000
2022,0,6,66,1,140250
2023,3,5,66,1,135000
2022,0,3,66,0,50000
2023,3,3,66,1,170550
2023,0,5,66,1,124234
2022,3,6,66,1,164996
2021,0,2,35,0,5409
2022,3,5,66,1,185900
2022,3,4,66,0,183600
2023,3,3,66,1,85500
2022,3,4,66,1,85000
2022,3,6,66,1,148800
2022,3,5,66,1,191475
2022,3,5,66,0,177000
2022,3,4,66,1,170000
2022,3,3,66,0,115000
2022,3,3,66,1,139600
2023,3,4,25,1,92000
2023,2,5,66,1,183310
2022,3,5,66,1,180000
2022,3,4,66,1,138750
2023,2,4,66,1,120000
2021,0,5,24,0,36643
2022,3,4,66,1,180000
2022,3,4,66,1,156600
2023,3,3,66,1,55000
2022,3,5,66,1,172200
2020,3,5,66,2,190000
2023,3,4,66,1,128000
2021,3,5,18,1,173762
2021,2,8,10,0,187442
2022,3,4,66,1,110500
2023,3,5,66,1,104000
2022,3,3,66,1,81000
2022,3,4,66,1,63000
2022,3,4,66,1,185900
2022,3,3,66,0,100000
2023,3,5,66,1,135000
2023,3,4,66,1,166000
2022,3,4,66,1,130000
2022,3,6,66,1,145000
2022,1,4,66,1,187200
2023,3,5,66,1,185900
2023,3,3,66,1,95000
2022,3,4,66,1,220000
2023,3,4,66,1,90000
2021,2,4,66,1,111775
2022,3,5,66,1,120000
2022,3,6,66,1,185000
2023,3,3,66,1,74178
2023,3,5,66,1,159832
2022,3,1,66,1,129300
2023,3,4,66,1,252000
2022,3,3,66,1,115934
2023,3,5,66,1,158677
2023,2,1,66,1,230000
2023,3,4,66,1,160000
2023,3,5,66,1,150000
2023,3,4,66,1,130000
2022,3,4,66,1,150000
2022,3,5,66,1,154000
2023,1,3,66,1,140000
2022,2,3,6,0,45050
2023,3,5,66,1,90000
2023,2,4,66,1,149600
2022,3,3,66,1,115934
2022,2,4,25,1,98506
2021,3,1,66,2,120000
2023,3,3,66,1,140000
2022,1,4,66,1,324000
2023,3,5,66,1,165000
2022,3,3,66,1,110925
2022,3,5,66,1,179775
2023,3,8,66,1,370000
2022,2,3,66,1,150000
2022,3,3,66,1,116000
2023,3,6,66,1,247500
2022,3,6,66,1,192600
2022,3,4,66,1,135000
2023,3,3,66,1,185900
2023,3,4,66,1,143860
2023,3,5,66,0,122900
2023,0,5,66,1,190000
2023,3,5,66,1,90000
2022,2,4,25,1,86193
2023,3,4,66,1,130000
2022,3,3,66,1,150260
2023,2,6,66,1,134000
2023,3,3,66,1,180000
2023,3,6,66,1,140000
2022,3,3,66,1,113000
2023,3,3,22,1,40777
2023,3,4,66,1,252000
2023,2,3,66,1,143000
2023,3,4,66,1,133300
2022,3,4,66,1,161000
2022,3,3,66,1,65000
2023,3,6,10,1,115000
2022,3,4,66,1,130000
2023,3,4,66,1,126000
2022,3,4,66,1,128875
2022,3,4,66,1,130000
2023,2,5,66,1,150000
2022,3,5,25,0,88256
2023,3,3,66,1,139000
2023,3,2,66,1,106000
2023,2,5,66,1,165000
2022,3,4,66,1,102100
2022,2,4,9,1,78000
2022,0,3,3,0,50000
2023,3,3,66,1,120000
2022,3,4,66,1,210000
2022,3,5,66,1,225000
2020,2,3,35,0,6072
2021,2,5,34,1,119059
2022,3,4,66,1,152500
2022,3,5,66,1,126500
2022,2,6,6,0,83864
2022,0,8,66,0,120000
2022,3,5,22,1,47280
2022,3,4,66,1,100000
2022,0,3,24,1,28368
2023,3,5,66,1,200160
2023,3,3,66,1,155000
2023,3,5,66,1,183000
2023,3,4,66,1,150000
2023,2,6,66,1,171600
2023,3,5,66,1,210000
2022,3,3,66,1,70000
2022,0,6,41,1,10000
2023,3,4,66,1,200000
2022,3,5,66,0,160000
2023,3,3,66,1,240500
2023,3,5,66,1,275300
2022,3,4,66,1,250000
2023,3,3,11,1,54685
2022,3,5,66,1,170000
2023,2,3,66,1,100000
2023,3,4,66,1,143200
2022,3,4,66,1,129300
2023,3,4,66,1,170000
2022,2,4,66,1,187000
2023,3,4,66,1,113000
2021,2,3,35,0,19609
2022,3,3,25,1,61566
2023,3,3,66,1,204500
2022,3,5,66,1,245000
2022,3,4,66,1,95000
2023,2,4,66,1,120000
2023,3,5,66,1,175000
2023,3,4,66,1,75000
2022,3,4,66,1,120000
2023,3,4,66,1,113000
2022,2,4,66,1,24000
2021,0,4,35,0,16228
2022,3,6,66,1,164000
2021,2,6,37,0,51064
2023,0,0,59,1,80000
2022,3,4,66,1,135000
2022,0,6,66,0,83000
2022,3,4,66,1,170000
2023,3,4,66,1,135000
2022,3,4,66,1,63000
2022,3,6,10,1,248400
2022,3,4,66,1,99000
2022,3,5,66,1,141525
2023,3,5,66,1,105200
2022,0,4,66,1,135000
2023,3,3,22,1,40777
2023,3,4,66,1,139000
2023,3,1,66,0,136000
2022,3,5,66,0,160000
2023,2,6,66,1,180000
2023,3,3,66,1,110000
2023,3,3,66,1,81666
2023,3,4,66,1,115000
2023,0,3,35,1,30000
2022,0,5,66,1,100000
2022,3,4,66,1,144854
2023,3,4,66,1,240000
2023,3,8,66,1,141288
2023,3,3,66,1,168400
2023,3,5,66,1,162500
2022,0,4,66,0,80000
2023,3,5,66,1,237000
2023,3,5,66,1,146000
2021,2,4,54,0,28476
2022,3,4,66,1,130000
2022,2,4,9,1,78000
2022,3,4,66,1,78000
2023,3,1,66,0,136000
2022,1,1,66,2,200000
2023,3,5,66,1,122000
2022,3,4,66,1,170000
2023,3,5,66,1,138750
2022,3,3,66,1,105000
2022,3,4,66,1,63000
2020,2,5,41,2,62726
2022,3,4,66,1,146000
2022,3,4,66,1,130000
2023,2,3,66,1,80000
2023,3,3,66,1,100000
2023,3,4,66,1,252000
2023,3,5,66,1,120000
2022,3,5,66,1,191475
2023,3,4,66,1,200000
2022,3,5,66,1,140000
2022,2,3,66,0,113000
2021,3,5,35,0,40570
2022,0,1,18,2,34672
2023,3,6,66,1,163800
2021,3,3,66,2,80000
2023,3,3,66,1,140000
2023,3,1,66,0,222200
2022,3,1,66,1,191475
2023,3,5,66,1,90700
2022,3,4,66,1,80000
2023,2,6,25,1,109006
2023,3,4,66,1,162000
2020,3,5,66,0,68428
2022,3,3,66,0,221300
2023,3,3,66,1,138900
2022,3,4,66,1,145000
2022,3,4,66,1,120000
2022,3,4,66,1,141300
2023,3,5,66,1,317070
2023,3,3,66,1,86466
2023,3,3,66,1,125000
2021,3,4,18,0,79197
2023,3,5,66,1,185000
2022,3,4,66,1,160000
2023,0,4,66,1,58000
2023,3,2,66,1,110000
2023,3,4,66,1,128000
2022,2,6,66,0,98200
2023,3,3,66,1,175000
2023,3,5,66,1,135000
2022,3,4,66,1,188700
2022,3,6,66,1,160000
2022,3,4,66,1,200000
2022,2,6,66,1,150000
2022,3,4,66,1,66000
2022,3,4,66,1,116250
2022,3,3,66,1,110600
2022,3,4,25,1,92350
2022,3,3,66,1,100000
2022,2,3,66,1,66100
2022,3,5,66,1,140400
2022,3,4,66,1,132000
2022,1,4,66,1,200000
2022,0,5,66,1,100000
2022,2,8,66,1,100000
2022,3,6,66,1,142200
2023,3,4,66,1,124740
2023,3,6,66,1,153090
2023,3,3,66,1,121904
2021,2,1,66,1,38400
2023,3,4,66,1,265000
2023,3,4,66,1,291500
2022,3,3,66,1,164000
2022,2,3,66,0,113000
2023,2,6,66,1,147000
2022,3,4,66,1,105000
2023,3,4,66,1,197000
2022,2,8,66,1,130000
2023,3,4,66,1,107900
2022,3,3,66,1,81666
2022,0,4,66,0,129000
2022,3,4,47,0,60000
2022,2,3,66,2,58000
2023,3,3,66,1,106800
2023,3,6,66,1,323300
2020,3,1,38,2,260000
2023,2,4,66,1,116000
2023,3,4,25,0,151902
2022,1,6,35,0,76309
2023,3,5,66,1,170000
2023,3,5,66,1,140000
2022,3,4,66,1,250000
2023,3,3,66,1,80000
2022,3,3,66,1,170000
2022,1,4,66,1,150000
2022,3,4,66,1,300000
2020,3,4,47,2,33511
2023,3,4,66,1,185900
2022,3,4,66,1,120000
2022,3,4,66,1,130000
2022,3,4,66,0,229998
2022,2,3,66,1,80000
2022,3,5,66,1,170000
2023,3,4,66,1,160000
2023,3,4,66,1,145000
2022,3,4,66,0,209100
2023,1,4,66,1,194500
2023,3,3,66,1,155000
2023,2,4,47,1,72000
2022,3,4,66,1,213000
2023,3,5,66,1,195000
2022,3,5,66,1,141525
2022,2,6,25,1,116976
2021,0,4,60,0,66970
2022,3,4,66,1,181940
2022,3,4,66,1,63000
2022,0,4,66,1,65000
2023,3,4,66,1,145000
2023,2,6,25,1,121523
2022,2,6,66,1,129300
2023,3,4,66,1,75000
2022,1,4,66,1,310000
2023,3,5,66,1,120000
2022,2,3,66,1,106260
2023,2,5,66,1,90000
2022,2,6,66,1,100000
2023,2,5,66,1,116990
2022,3,4,66,1,210000
2022,3,4,66,1,197000
2023,3,3,66,1,160000
2023,3,5,66,1,156400
2022,3,5,66,1,175000
2022,0,8,16,2,50000
2023,2,4,66,1,185700
2022,3,4,66,1,250000
2022,3,4,66,1,162000
2023,3,4,66,1,145000
2023,3,6,66,1,142200
2023,3,4,66,1,265000
2022,2,3,66,1,50000
2022,3,3,66,1,110600
2022,3,4,66,1,110000
2022,3,3,10,1,130000
2022,3,3,66,1,70000
2023,0,5,35,0,9727
2022,3,5,66,0,198440
2023,3,4,66,0,205600
2023,3,4,66,1,376080
2023,3,4,66,1,130000
2022,3,5,66,1,140000
2022,3,4,66,1,110000
2022,0,5,53,1,40000
2022,2,3,6,1,53368
2022,2,4,25,1,92350
2023,2,4,25,1,57723
2022,3,3,66,1,95000
2022,3,5,66,1,185900
2023,3,4,66,1,231250
2022,3,4,66,1,250000
2022,3,4,66,1,115000
2023,3,6,66,0,342300
2022,3,5,66,1,220000
2023,3,3,66,1,105500
2022,1,5,66,1,260500
2022,3,5,66,0,205300
2023,3,4,66,1,109400
2023,3,3,66,1,153600
2022,3,6,0,2,65000
2022,3,3,66,1,100000
2023,3,6,66,1,100000
2022,2,3,66,1,100000
2021,2,4,66,0,150000
2021,3,5,66,0,235000
2022,3,5,66,1,191475
2023,3,6,66,1,180000
2023,3,3,66,1,120250
2022,3,5,66,1,191475
2023,3,5,66,1,209450
2023,3,3,66,1,153600
2023,0,3,10,0,40663
2023,2,6,25,1,46178
2023,3,3,66,1,110000
2023,3,4,66,1,250000
2022,3,5,66,1,211500
2022,0,4,25,1,49253
2022,3,4,66,1,110000
2022,2,3,66,1,115500
2022,3,4,66,1,171000
2023,3,4,66,1,247300
2022,2,1,66,1,173000
2023,3,4,66,1,185000
2022,2,5,10,1,67597
2022,2,3,25,1,430967
2023,3,4,66,1,113000
2022,3,4,66,1,149040
2022,2,4,66,1,145000
2023,3,3,66,1,70000
2022,3,5,66,1,191475
2022,2,7,66,1,134000
2023,2,6,66,1,200000
2022,3,5,66,1,123400
2022,3,5,66,1,140000
2022,3,5,66,1,150000
2023,3,4,66,1,259000
2022,0,3,66,2,55000
2022,3,5,66,1,122600
2022,1,4,66,1,216000
2022,2,4,27,1,63040
2023,2,1,66,2,200000
2023,3,3,66,1,75000
2022,2,4,66,1,175000
2023,3,5,66,1,155000
2022,3,5,66,1,159699
2022,2,1,66,0,75000
2023,3,8,66,1,248100
2023,0,4,66,1,120000
2023,3,4,66,1,155850
2022,2,3,22,1,42026
2023,3,6,66,1,171600
2023,3,6,66,1,163800
2022,3,4,66,1,191200
2023,3,4,66,1,80000
2023,3,6,66,1,247500
2023,0,3,66,1,85000
2022,2,3,66,1,75000
2022,3,4,66,1,191200
2023,3,8,22,1,253750
2022,3,4,66,1,85000
2023,3,3,66,1,100000
2023,3,4,66,1,113900
2023,1,5,66,1,200000
2023,3,4,66,1,226700
2022,3,4,66,1,145000
2022,3,4,66,1,100000
2023,3,4,66,1,180000
2021,2,6,38,2,74000
2023,3,4,66,1,160000
2023,2,4,61,1,75116
2021,0,4,18,1,65013
2023,2,3,30,1,72914
2023,1,4,66,1,310000
2023,3,5,66,1,139500
2023,3,5,66,1,225000
2022,3,6,66,1,142200
2022,3,6,66,1,246000
2023,2,3,66,1,103200
2023,2,3,66,1,150000
2023,3,6,18,1,174000
2022,3,5,66,1,93800
2022,3,3,50,0,133000
2023,3,4,66,1,139500
2022,3,4,66,1,225000
2022,3,6,66,0,195400
2022,3,5,66,1,145300
2023,3,4,56,1,37558
2023,3,7,66,1,120000
2022,2,3,9,1,9289
2022,2,5,66,1,180000
2023,2,4,66,1,145000
2023,2,5,66,1,105000
2022,0,3,32,0,15000
2023,3,5,66,1,82365
2023,3,4,66,1,220000
2022,2,3,66,1,150000
2022,3,3,66,1,140000
2023,3,4,66,1,236000
2022,0,5,35,1,22892
2022,3,3,66,1,110600
2021,2,3,66,0,93000
2023,3,3,66,1,138000
2023,1,4,66,1,220000
2023,3,4,66,1,130000
2022,3,3,66,1,132000
2023,2,4,66,1,162500
2022,2,5,25,2,61566
2023,3,5,66,1,155000
2020,0,5,18,2,62726
2023,3,4,66,1,225000
2023,3,6,66,1,145000
2022,0,0,35,0,300000
2022,3,4,66,1,194000
2022,2,3,66,1,136000
2023,3,4,66,1,115000
2022,3,4,66,1,63000
2023,1,4,66,1,239000
2021,3,5,66,0,135000
2023,3,7,66,1,225000
2022,2,5,12,0,120402
2023,2,4,66,1,165000
2022,3,8,66,1,210000
2021,0,5,66,0,58000
2022,3,1,66,1,205000
2020,3,5,18,1,148261
2022,3,5,66,1,156400
2023,3,4,66,1,160000
2022,2,3,66,1,109000
2023,3,3,66,0,104300
2022,3,4,66,1,215000
2022,3,5,66,0,140000
2022,3,5,66,0,158200
2023,3,6,66,1,175000
2023,3,4,66,1,66000
2023,1,4,66,1,286000
2022,2,4,66,1,160000
2022,3,5,66,1,141525
2022,0,5,24,0,39925
2023,3,5,10,1,190000
2022,2,3,66,1,100000
2022,2,3,66,1,150000
2023,2,4,66,1,60400
2023,3,4,66,1,120000
2023,3,8,66,1,150000
2023,3,6,25,1,195652
2022,2,4,27,1,84053
2023,2,5,66,1,100000
2023,3,6,24,1,107309
2020,2,3,29,2,20000
2023,2,3,35,0,18238
2022,3,5,66,1,128000
2022,3,4,66,1,180000
2023,3,6,66,1,204500
2023,3,4,66,1,129000
2022,3,4,66,1,193750
2022,3,3,66,1,99000
2022,3,4,66,1,231250
2023,0,3,66,0,100000
2022,3,5,66,1,245000
2023,3,6,66,1,184000
2022,3,5,66,1,129300
2022,3,5,66,0,92000
2023,3,8,66,1,145900
2022,3,5,66,1,140000
2022,0,3,66,0,100000
2023,2,3,66,1,121500
2023,3,5,10,1,219000
2022,3,4,66,1,130500
2022,3,4,66,1,110000
2023,2,4,66,1,140000
2023,3,4,66,1,119000
2022,3,8,66,1,196000
2022,1,4,66,1,210000
2023,3,5,66,1,198200
2023,3,4,66,1,203100
2022,2,4,25,1,92350
2023,2,4,66,1,190000
2022,3,5,66,1,203500
2020,0,4,35,0,13493
2022,3,5,66,1,198440
2023,3,5,10,1,258000
2023,3,5,66,1,172200
2022,3,4,66,1,185900
2022,3,3,66,1,130000
2023,3,4,66,1,159500
2023,0,3,66,2,30000
2023,3,5,66,1,183500
2022,3,5,35,0,56723
2023,3,5,66,1,225000
2023,3,4,66,1,113000
2023,3,3,66,1,106800
2022,2,4,25,1,104663
2023,3,4,66,1,129000
2023,3,5,66,1,212750
2023,3,4,66,1,230000
2022,3,5,66,1,136620
2022,2,3,10,0,69133
2023,3,4,66,1,220000
2023,3,4,66,1,172800
2023,2,3,66,1,155000
2021,3,5,24,0,152000
2022,3,3,66,1,119000
2022,2,3,66,1,65000
2022,0,4,66,1,135000
2023,3,5,66,1,172000
2023,3,5,66,1,250000
2022,2,5,25,1,172386
2022,3,5,66,1,185900
2022,2,3,66,1,75000
2023,3,4,10,1,94000
2023,3,4,66,1,132300
2022,3,5,66,1,141525
2023,3,5,66,1,200160
2022,3,1,66,1,184000
2022,3,5,66,1,155000
2023,3,5,66,1,83270
2022,3,3,66,1,119000
2023,3,6,66,1,135000
2022,3,5,66,2,165000
2023,1,4,66,1,239000
2022,3,3,66,1,55000
2022,3,5,22,1,47280
2023,3,4,66,1,162500
2022,3,4,22,1,73546
2023,3,5,66,1,100000
2022,2,4,66,1,120000
2022,3,4,66,1,175000
2022,3,4,66,1,154000
2023,0,4,66,1,65000
2022,3,6,35,0,95386
2023,1,4,66,1,210914
2023,3,3,66,1,64000
2023,3,0,65,1,60000
2021,0,4,66,0,72500
2023,3,4,66,1,143860
2023,2,4,66,1,200000
2023,3,3,66,1,169000
2022,3,4,66,1,180000
2023,2,3,66,1,150000
2021,3,3,25,0,61896
2023,3,3,66,1,140000
2023,3,5,66,1,182000
2023,3,4,66,1,160000
2023,3,6,66,1,135000
2020,2,4,25,0,112872
2022,3,5,66,1,130000
2023,2,3,66,1,155000
2023,3,3,66,1,115934
2023,3,4,66,1,201450
2022,3,4,66,1,160000
2023,3,6,66,1,142200
2022,3,5,66,1,161342
2022,3,5,66,0,156868
2022,0,4,25,1,49253
2023,2,5,22,1,48289
2023,2,3,66,1,100000
2023,3,3,66,1,200000
2023,2,4,61,1,48289
2022,3,4,66,1,160000
2023,3,1,66,1,142000
2022,3,4,66,1,150000
2022,3,4,66,1,100000
2023,3,3,66,1,106000
2023,3,4,66,0,105700
2023,3,3,66,1,93800
2022,1,5,66,1,175100
2023,3,4,66,1,290000
2022,2,4,66,1,115000
2022,2,4,27,1,73546
2023,3,3,66,1,95000
2022,2,3,66,1,109000
2023,0,3,66,1,75000
2022,3,3,66,1,99750
2022,2,3,66,1,102640
2022,3,5,66,1,191475
2023,3,1,66,0,90000
2023,0,3,66,1,85000
2023,3,3,66,1,145000
2023,3,3,66,1,130000
2023,3,5,66,1,175000
2022,3,1,25,0,77119
2023,3,4,18,1,174000
2022,3,5,66,0,120000
2023,2,3,25,1,60761
2022,3,5,66,1,165000
2023,3,6,66,1,140000
2023,3,3,66,1,106020
2022,3,5,66,1,122500
2022,2,5,50,2,54634
2022,3,3,22,1,39925
2023,2,3,66,1,135000
2023,0,6,66,1,163196
2023,2,3,30,1,109371
2022,2,1,66,0,160000
2022,3,4,66,1,128500
2022,1,4,66,1,239000
2022,3,3,66,1,89200
2022,2,8,5,0,61989
2022,0,3,10,1,52000
2023,3,4,66,1,310000
2022,3,5,66,1,70000
2022,3,3,66,1,150000
2022,3,4,66,1,175000
2023,3,4,66,1,115000
2023,3,4,66,1,81500
2021,0,6,66,2,125000
2023,2,3,66,0,68000
2023,3,8,22,1,169200
2023,3,6,66,1,139500
2022,3,5,66,0,92000
2023,0,8,66,0,220000
2023,3,4,66,1,241000
2023,2,5,66,1,70000
2022,3,4,66,1,108800
2023,3,5,66,1,185900
2023,2,3,66,1,61200
2022,3,4,25,1,61566
2023,0,4,66,1,160000
2022,3,3,66,1,130000
2023,1,5,66,1,200000
2023,1,7,66,1,269600
2022,2,4,40,1,110446
2022,3,4,66,1,85000
2021,2,5,25,0,116914
2023,3,5,66,1,104000
2022,3,3,66,1,110000
2022,3,4,66,1,160000
2022,3,5,66,1,175000
2023,3,4,66,1,160000
2023,0,4,66,1,135000
2022,2,6,66,0,148500
2021,2,4,57,1,60000
2022,2,5,66,1,110000
2022,3,5,22,1,37824
2021,0,4,35,1,21637
2022,3,4,66,1,200000
2020,0,4,66,0,70000
2022,3,5,66,1,151800
2022,3,5,22,1,37824
2023,3,4,66,1,145000
2022,3,3,66,1,105000
2023,0,5,66,2,110000
2023,3,4,66,1,129000
2022,3,4,22,1,36773
2023,3,4,66,1,214000
2022,2,4,25,1,86193
2021,0,3,66,2,90000
2022,3,5,66,1,167000
2023,3,0,34,0,423834
2022,3,4,66,1,129300
2022,2,6,10,1,76814
2023,3,4,66,1,226700
2022,3,5,66,1,136000
2023,3,4,66,1,229000
2023,2,4,22,1,48289
2023,3,4,66,1,240000
2022,3,3,66,1,110000
2023,3,6,66,1,142200
2021,3,5,66,0,165000
2023,3,3,66,1,135000
2022,3,3,66,1,175000
2022,2,5,25,1,102200
2022,3,3,66,1,104000
2023,3,5,66,1,84000
2022,3,4,66,1,130000
2021,0,4,35,0,30428
2023,3,3,66,1,130000
2022,3,4,66,1,170000
2022,3,3,66,1,112900
2023,3,4,66,1,114000
2023,2,4,66,1,90000
2022,0,6,3,0,12000
2023,0,3,66,1,75000
2023,3,5,66,1,175000
2023,3,4,66,1,160000
2023,3,3,66,1,121700
2023,2,5,66,1,120000
2023,3,4,66,1,116450
2021,3,5,24,0,53192
2022,3,4,66,1,134760
2022,3,5,66,1,144000
2023,3,5,10,1,120000
2022,3,4,66,1,152000
2020,2,5,66,0,103000
2022,3,5,66,1,129300
2020,2,3,53,0,8000
2022,3,4,66,1,25000
2022,2,5,25,1,92350
2022,3,4,66,1,179500
2022,3,4,25,1,104611
2023,3,5,66,1,140000
2022,3,4,66,1,130000
2023,3,4,66,1,65000
2022,3,4,66,1,193750
2022,2,3,10,1,85000
2022,3,5,66,1,190000
2023,2,4,66,1,180000
2023,3,4,66,1,109000
2023,3,6,66,1,204500
2023,3,6,66,1,184590
2022,3,5,66,0,198440
2023,3,3,66,1,135000
2023,3,5,66,1,132000
2023,2,6,66,1,126277
2022,3,5,66,1,299500
2023,3,4,66,1,107500
2022,3,4,66,1,144000
2022,2,5,66,1,150000
2022,3,5,66,1,150000
2023,2,4,66,1,154000
2023,2,4,66,1,120000
2023,2,5,25,1,54685
2021,3,4,66,1,165000
2023,3,4,66,1,175308
2023,3,6,66,1,126000
2023,3,4,66,1,289800
2023,3,6,66,1,200000
2022,3,4,66,1,120000
2023,3,6,42,1,38631
2021,0,5,66,1,100000
2022,3,4,66,1,175000
2023,2,5,66,1,220000
2023,3,5,66,1,123900
2022,3,6,66,1,200000
2022,3,3,66,1,100000
2023,2,0,23,1,75020
2023,2,6,25,1,63192
2020,3,5,5,2,91237
2022,0,5,66,1,124234
2022,2,4,25,1,110820
2021,3,8,56,0,60757
2023,3,5,66,1,157750
2022,3,5,66,1,141525
2022,3,5,66,1,104000
2023,3,3,66,1,180180
2022,2,4,66,1,120000
2023,3,5,63,1,29453
2023,3,3,66,1,141290
2022,3,6,0,2,120000
2022,1,5,66,1,182160
2022,2,4,66,1,80000
2022,3,5,66,1,156400
2023,3,4,66,1,200000
2023,3,5,66,1,145000
2022,3,5,66,1,95550
2022,3,6,66,1,180000
2023,0,3,66,0,50000
2022,3,4,66,0,132100
2023,0,5,66,1,130001
2022,3,4,66,1,175000
2023,3,4,66,1,160000
2023,3,3,66,1,115934
2023,3,4,66,1,100706
2022,3,6,66,1,201000
2023,3,4,66,1,139500
2023,3,8,66,1,250000
2022,2,3,66,1,126500
2022,3,5,66,1,200000
2022,3,6,66,1,135000
2023,3,3,66,1,75000
2023,3,4,66,1,163800
2022,3,4,66,1,144000
2022,3,5,66,1,120160
2023,3,5,66,1,183500
2022,2,5,25,1,43096
2022,3,6,66,1,167100
2023,3,5,66,1,186300
2022,3,6,66,1,160000
2022,3,4,66,1,105000
2023,3,5,66,1,160000
2020,2,5,66,2,45760
2023,3,4,66,1,293000
2022,3,4,66,0,131300
2022,3,4,66,1,160000
2020,2,5,31,0,35735
2023,3,4,66,1,125000
2023,3,3,66,1,100000
2022,3,4,66,1,250000
2022,3,6,66,1,204500
2023,3,4,66,1,106000
2023,2,6,25,1,67141
2022,3,4,66,1,81500
2022,3,4,66,1,200000
2023,2,3,66,1,206000
2023,3,4,66,1,87000
2022,2,5,5,0,89306
2023,3,4,66,1,185000
2023,3,5,66,1,70000
2023,3,8,10,1,248100
2023,3,4,66,1,168400
2022,3,4,66,1,192564
2022,3,5,66,1,179400
2023,3,4,66,1,133800
2023,3,7,66,1,120000
2023,3,4,66,1,184000
2023,3,5,66,1,203500
2023,2,4,66,1,130000
2022,2,5,66,1,115360
2022,3,5,66,1,175000
2022,2,4,66,1,95000
2022,3,4,66,1,175000
2022,3,5,66,1,198200
2023,3,4,66,1,110000
2022,3,5,66,1,175000
2023,3,3,66,1,85500
2022,2,4,66,1,100000
2023,2,3,66,1,75000
2023,3,4,66,1,120000
2022,2,5,66,1,120000
2023,3,5,66,1,150000
2022,3,5,66,1,88100
2023,2,6,66,1,150000
2023,3,5,66,1,245100
2022,3,3,66,1,95000
2023,3,6,66,1,210000
2022,3,6,66,1,210000
2022,3,3,66,1,84900
2022,3,3,66,1,155000
2022,3,6,10,1,168000
2023,3,6,66,1,122700
2023,3,6,66,1,202353
2022,3,4,66,1,300000
2022,3,3,66,1,116150
2022,2,3,10,2,75000
2023,3,4,66,1,81500
2022,3,4,66,1,115000
2022,3,6,66,1,235000
2022,3,5,66,1,191475
2022,2,6,66,1,130000
2022,0,5,6,1,83171
2023,3,2,66,1,140000
2022,3,5,66,1,165220
2022,2,4,25,1,73880
2022,3,4,66,0,131300
2023,3,4,66,1,106800
2022,3,1,66,1,205000
2021,2,8,17,0,69999
2021,2,5,10,0,54238
2023,3,6,66,1,235000
2022,3,5,66,1,141525
2023,2,3,66,1,120000
2023,3,1,66,1,220000
2022,3,3,22,1,36773
2023,3,6,66,1,172200
2023,3,4,66,1,175000
2023,0,3,22,1,21461
2023,3,3,66,1,81666
2023,3,7,15,1,65000
2022,3,4,66,1,132320
2023,3,5,66,1,170000
2023,3,4,66,1,185900
2023,0,4,66,1,120000
2023,3,7,66,1,112000
2022,3,3,66,1,120000
2023,1,4,66,1,145000
2023,3,3,66,1,108000
2022,2,4,22,1,73546
2022,3,5,66,1,144000
2022,3,4,22,1,36773
2022,3,5,66,1,173000
2023,3,5,66,1,185000
2023,3,6,66,1,200000
2023,3,4,66,1,63000
2022,1,5,66,1,167875
2023,3,4,66,1,132300
2022,2,3,66,1,165000
2023,3,4,66,1,165000
2023,3,4,66,1,250000
2023,1,4,66,1,116704
2023,0,3,49,0,100000
2020,2,3,66,0,135000
2023,3,3,66,1,80000
2022,2,3,66,1,167000
2023,3,8,66,1,151800
2023,3,4,66,1,110000
2022,1,4,66,1,116100
2023,3,4,66,1,170000
2023,3,3,66,1,160000
2022,3,5,66,1,123000
2023,0,3,66,1,70000
2021,3,5,66,0,240000
2022,1,7,10,0,125976
2022,3,4,66,1,113900
2023,3,5,33,1,171250
2022,3,3,66,1,112900
2023,3,4,33,1,101943
2022,3,4,66,1,150000
2022,3,5,66,1,123000
2023,3,4,66,1,174500
2023,3,5,66,1,245100
2023,3,5,66,1,156000
2022,0,5,5,1,50000
2023,3,6,66,1,122700
2022,3,3,25,1,70186
2023,3,4,66,1,109400
2023,3,4,66,1,150000
2023,3,5,66,1,191765
2022,2,5,66,1,78000
2022,3,4,66,1,138750
2022,2,5,9,1,84000
2021,3,6,8,1,82744
2020,0,4,18,0,54742
2023,3,3,66,1,153600
2023,2,3,25,1,109371
2020,2,5,24,2,42197
2023,3,1,66,0,260000
2023,2,3,66,1,206000
2023,2,4,66,1,95000
2021,2,5,10,0,75774
2023,1,4,66,1,116704
2022,2,3,66,1,160000
2022,3,5,66,1,247500
2023,3,5,66,1,120000
2022,2,4,25,1,86193
2022,3,4,66,1,135000
2023,2,4,66,1,125000
2022,3,5,66,1,145000
2023,2,5,25,1,51039
2022,3,4,66,1,180000
2023,3,4,66,1,161800
2023,2,3,66,1,83500
2023,3,5,22,1,48289
2020,2,5,0,0,115000
2023,2,6,66,1,124000
2021,1,5,18,0,141846
2023,2,3,66,1,100000
2022,2,8,10,0,105236
2022,3,3,66,1,130000
2022,3,6,10,1,183600
2023,3,3,66,1,70000
2022,1,5,66,1,222640
2021,3,5,66,0,144000
2020,0,3,66,0,91000
2022,0,3,66,1,48000
2022,3,4,66,1,175000
2023,2,6,66,1,130000
2023,3,4,66,1,238000
2023,3,7,66,1,198800
2023,2,5,66,1,106250
2023,3,4,66,1,116000
2023,3,4,66,1,226700
2021,3,4,66,2,115000
2023,0,4,35,0,17022
2022,3,4,66,1,165400
2021,2,4,66,0,140000
2022,3,4,66,1,195700
2023,2,4,66,1,140000
2023,2,5,28,0,65062
2023,3,3,66,1,152380
2022,3,5,66,1,210000
2023,3,4,66,1,78000
2021,3,4,66,0,276000
2023,3,3,66,1,121700
2022,3,5,66,1,136000
2023,3,5,66,1,195000
2023,3,4,66,1,133300
2023,2,3,66,1,95000
2023,3,4,66,1,126000
2021,2,3,66,0,75000
2022,3,5,22,1,37824
2023,3,3,66,1,187000
2023,3,1,66,0,222200
2023,3,3,66,1,108000
2023,1,5,66,1,145000
2023,3,4,66,1,145000
2023,2,4,66,1,149600
2023,2,6,25,1,48609
2022,3,4,66,1,184700
2022,0,6,66,1,189750
2022,3,5,66,1,176000
2023,3,1,66,1,205000
2023,3,4,66,1,163800
2021,3,8,66,2,50000
2022,3,6,66,1,100000
2023,3,4,66,1,129300
2022,3,5,66,1,104890
2021,3,4,66,1,150000
2023,3,5,66,1,185900
2023,3,4,66,1,106800
2022,3,4,66,1,130000
2023,3,3,66,1,145000
2023,3,6,66,1,185000
2022,3,4,66,1,165400
2023,2,4,66,1,145000
2023,2,3,66,1,75000
2023,3,5,66,1,156400
2022,3,4,10,1,137400
2021,2,4,66,0,110000
2022,3,5,66,1,150000
2022,3,5,66,1,122000
2022,3,6,66,1,142200
2023,0,5,66,1,74540
2022,3,6,66,1,172200
2023,1,4,66,1,239000
2023,0,5,66,1,50000
2022,3,5,66,1,168000
2020,2,4,66,1,130800
2022,3,4,66,1,185000
2022,3,4,55,1,200000
2022,3,5,6,0,133766
2022,3,4,55,1,135000
2022,3,5,66,1,95000
2022,3,6,66,1,210000
2022,3,4,35,0,38154
2021,0,5,18,0,76833
2023,3,4,66,1,126000
2022,2,5,66,1,144200
2023,3,4,66,1,300000
2022,3,4,66,1,141300
2022,2,4,25,1,73880
2023,2,6,25,0,72914
2022,3,4,66,1,231250
2022,3,3,66,1,120000
2023,3,5,66,1,115440
2022,3,4,66,1,122500
2022,3,6,66,0,200000
2022,3,5,66,1,210000
2022,3,3,66,1,70000
2023,2,6,25,1,145828
2023,3,3,10,1,135000
2022,3,5,66,1,152000
2023,0,4,66,1,160000
2023,3,3,66,1,75000
2022,3,5,66,1,148000
2022,3,6,18,1,84053
2022,3,4,22,1,68293
2022,2,3,66,1,100000
2022,3,1,66,1,205000
2023,1,4,66,1,310000
2023,0,4,66,1,65000
2022,3,5,66,0,140400
2022,3,4,10,1,132000
2023,3,5,66,1,175000
2023,3,4,66,1,65488
2022,0,3,66,0,57000
2022,3,3,66,1,100000
2023,3,3,22,1,51508
2023,3,4,66,1,117100
2023,3,5,66,1,140000
2023,2,3,66,1,100000
2022,2,4,66,1,95000
2022,3,4,66,1,195000
2022,3,5,66,1,128000
2023,3,3,66,1,138900
2023,1,5,66,1,195800
2023,3,5,66,1,175000
2022,3,3,66,1,169000
2022,3,3,66,1,90320
2022,3,4,66,1,194000
2023,3,5,66,1,128000
2023,3,4,66,1,133000
2023,3,4,66,1,75000
2023,3,8,66,1,165750
2022,3,5,66,1,156600
2022,3,4,66,0,178800
2023,3,4,66,1,250000
2022,2,5,66,1,120000
2022,2,5,50,1,115573
2022,3,6,66,1,142200
2020,2,3,66,1,95000
2022,3,4,66,0,178800
2023,2,3,66,1,52500
2022,2,4,25,1,49253
2023,3,4,66,1,120000
2022,3,4,66,1,154000
2023,3,5,66,1,126500
2023,2,4,66,1,75000
2023,3,6,66,1,130000
2023,3,5,66,1,180000
2022,3,4,66,1,220110
2022,2,2,9,1,78000
2023,3,4,66,1,179820
2023,3,6,66,1,90000
2023,3,4,66,1,213580
2022,3,8,66,1,150000
2022,3,3,66,1,119000
2021,0,3,24,1,59102
2023,3,4,66,1,106500
2022,3,4,66,1,130500
2023,3,5,66,1,245000
2022,3,5,66,1,207000
2021,2,5,66,0,115000
2022,3,5,66,1,150000
2020,0,4,35,0,13493
2022,3,4,66,1,180000
2022,3,4,66,1,250000
2023,3,1,66,0,260000
2022,3,5,66,0,215300
2023,3,7,66,1,86000
2022,2,6,35,0,20984
2020,0,3,35,2,6072
2023,3,4,18,1,275000
2023,0,4,25,1,60000
2023,3,6,66,1,272000
2022,3,5,66,1,141525
2023,3,1,66,1,170000
2021,2,4,66,0,100000
2022,3,5,66,1,230000
2023,3,4,66,1,150000
2023,2,4,66,1,250000
2022,2,4,25,1,73880
2022,2,3,66,1,150000
2023,3,4,66,1,252000
2023,3,5,66,1,200000
2023,3,3,66,1,153600
2023,2,3,66,1,64500
2023,1,4,66,1,175000
2023,3,4,66,1,107250
2023,2,4,66,1,120000
2023,3,4,66,1,146000
2023,3,3,66,1,75000
2021,3,6,66,0,200000
2023,3,6,66,1,184700
2023,2,8,66,1,340000
2022,0,0,45,2,6304
2022,3,5,66,0,180000
2022,2,6,66,1,230000
2022,0,5,22,1,31520
2023,2,3,66,1,140000
2023,3,1,66,1,205000
2023,3,4,66,1,105200
2020,2,3,66,1,98000
2022,3,5,66,1,141525
2022,2,4,66,1,60000
2022,2,6,25,1,92350
2022,3,5,66,1,122000
2023,3,1,66,1,205000
2023,3,5,66,1,110000
2023,3,4,66,1,143860
2023,0,4,66,1,115100
2022,1,0,66,2,200000
2022,3,4,66,0,100000
2022,3,1,66,1,184000
2023,3,1,66,1,225000
2022,2,5,25,1,110820
2021,0,4,12,0,5882
2023,3,4,66,1,130000
2022,3,5,66,1,185900
2023,3,4,66,1,200000
2023,3,5,66,1,185900
2022,3,4,66,1,132320
2023,2,5,66,1,145000
2022,3,3,66,1,128875
2023,2,5,35,0,60795
2022,3,5,66,1,146000
2022,2,3,66,1,160000
2023,3,5,66,1,199000
2023,3,5,66,1,190000
2022,2,4,66,1,206699
2023,3,5,66,1,299500
2021,3,1,10,0,225000
2022,3,5,22,1,47280
2023,2,4,66,1,175000
2023,3,8,22,1,253750
2023,3,3,66,1,80000
2023,3,3,66,1,185900
2023,2,5,66,1,97750
2023,1,4,66,1,106500
2022,3,5,22,1,47280
2023,3,5,66,1,122000
2023,3,3,66,1,100000
2023,3,3,66,1,121600
2022,3,4,66,1,130000
2022,2,1,21,1,22800
2023,3,3,66,1,120000
2023,3,5,66,1,140000
2022,3,4,56,1,73546
2022,3,3,66,1,100000
2022,3,4,66,1,150000
2022,3,4,66,1,160080
2022,0,6,25,0,35093
2021,2,3,35,0,16904
2023,3,6,66,1,106900
2022,2,4,66,1,80000
2023,0,1,66,0,213660
2021,1,7,58,0,230000
2022,3,4,66,1,230000
2022,3,4,66,1,126000
2022,3,4,66,1,206699
2023,3,3,66,1,125600
2022,3,4,66,0,154600
2023,3,4,66,1,109400
2022,3,4,66,1,149850
2022,3,5,66,1,130000
2020,2,5,25,2,76958
2023,2,4,66,1,90000
2022,3,4,66,0,229998
2022,3,5,66,1,140000
2022,3,4,66,1,225000
2022,2,5,66,0,135000
2022,3,4,66,1,168400
2023,3,5,66,1,145000
2022,3,4,66,1,250000
2022,3,4,66,1,167500
2021,3,3,18,0,63831
2023,3,3,66,1,120000
2022,1,4,66,1,175000
2023,3,5,66,1,237000
2022,3,3,66,1,100000
2023,3,4,66,1,185000
2022,0,5,66,1,73000
2022,3,4,66,1,102100
2022,3,1,66,1,230000
2023,3,5,66,1,223800
2022,3,1,66,1,196000
2022,0,5,66,1,130000
2023,3,5,66,1,216100
2022,3,4,66,1,120000
2023,3,4,66,1,149040
2022,1,4,66,1,242000
2022,3,4,66,1,97000
2023,1,4,66,1,221000
2022,3,5,66,1,198800
2023,3,5,66,1,182200
2023,2,4,25,1,103294
2023,3,1,66,0,136000
2023,3,5,66,1,205000
2023,3,7,15,1,48000
2022,2,5,32,0,53416
2022,3,6,66,1,193900
2022,3,3,66,1,70000
2023,2,5,24,0,40000
2022,3,4,66,1,160000
2023,2,1,66,2,125000
2022,3,4,66,1,120000
2022,3,6,66,0,150000
2023,3,1,66,1,184000
2022,3,4,22,1,68293
2023,0,4,66,1,65000
2022,3,5,66,1,191475
2022,2,7,66,1,134000
2022,0,4,25,1,61566
2023,3,5,66,1,104650
2022,3,5,66,1,100000
2023,0,2,66,1,160000
2023,1,5,66,1,145000
2022,3,1,66,1,164000
2022,3,3,66,1,135000
2021,3,4,25,1,113476
2022,2,4,66,1,99100
2022,1,4,66,1,145000
2022,3,3,66,1,127000
2022,3,4,66,1,160000
2022,1,5,66,1,224000
2022,3,5,66,1,205000
2022,0,5,8,0,84053
2023,3,4,66,1,114000
2023,3,4,25,1,143200
2022,0,3,35,0,6359
2022,2,5,66,1,159000
2023,3,7,66,1,100000
2021,3,6,9,1,24000
2023,3,4,66,1,132300
2023,3,4,66,1,121500
2022,2,4,25,1,92350
2023,2,6,66,0,110000
2023,3,4,66,1,111000
2022,3,4,66,1,110000
2023,2,6,66,1,175000
2022,2,3,66,1,206000
2022,3,5,66,1,134000
2023,3,5,66,1,129300
2022,3,4,66,1,160000
2023,3,4,66,1,252000
2023,3,6,66,1,128280
2022,3,4,66,1,220000
2023,3,4,66,1,133800
2021,0,6,35,1,12171
2022,2,4,66,1,70000
2022,2,3,66,0,97500
2023,3,6,66,1,125000
2022,2,6,66,1,134000
2020,0,4,38,2,41689
2023,3,5,66,1,147100
2022,3,4,66,1,172200
2022,3,3,66,1,102100
2022,2,3,66,1,130000
2022,3,4,66,1,145000
2023,3,6,66,1,172200
2022,0,5,48,0,40000
2022,3,4,66,1,153600
2023,3,5,66,1,160000
2023,3,4,66,1,259000
2021,2,4,46,0,28369
2021,3,5,10,0,103691
2021,3,6,35,0,24342
2022,2,4,25,1,67723
2022,3,5,66,1,172000
2023,3,4,66,1,141600
2020,0,6,66,2,138000
2023,1,4,66,1,155000
2023,0,5,9,0,19522
2022,2,3,24,1,105066
2023,3,1,66,0,222200
2023,3,3,66,1,142000
2022,0,3,35,1,8050
2021,3,5,24,1,77684
2022,3,5,66,1,129300
2021,3,4,66,0,250000
2023,3,4,66,1,162500
2022,0,3,9,0,7799
2023,3,4,66,1,146000
2022,3,5,66,1,140000
2021,2,5,18,0,90734
2022,3,4,66,1,150000
2023,2,4,66,1,183310
2022,1,7,66,1,160000
2023,2,4,66,1,75000
2022,3,4,66,1,184100
2022,3,5,66,1,106800
2022,3,4,66,1,120000
2023,3,5,66,1,145000
2023,3,7,66,1,155000
2021,2,8,24,1,62649
2022,2,5,66,0,155000
2022,3,4,66,1,117000
2022,3,4,66,1,100000
2022,3,6,66,1,186000
2023,3,4,66,1,198000
2023,2,8,66,1,125000
2023,3,4,66,1,300000
2022,3,5,66,0,165000
2022,2,4,66,1,95000
2022,2,3,22,1,31520
2023,3,8,66,1,150000
2022,2,8,35,0,23000
2023,2,3,66,1,154000
2022,3,5,66,1,180000
2022,2,4,66,1,120000
2023,3,3,66,1,70000
2023,3,4,66,1,179820
2022,3,4,66,1,153600
2022,2,5,18,1,64090
2023,1,4,66,1,265000
2022,1,4,66,1,260000
2022,0,4,66,1,135000
2023,3,4,66,1,75000
2023,2,8,66,1,185000
2023,3,6,66,1,247500
2022,2,3,66,0,150000
2022,3,5,66,1,139000
2023,3,4,66,1,168100
2022,2,3,66,1,144100
2023,0,4,66,1,150000
2023,3,5,66,1,262000
2023,2,4,66,1,90000
2023,3,5,66,1,162000
2022,3,4,66,1,190000
2022,3,4,66,1,145000
2023,3,4,66,1,128000
2022,3,3,66,1,95000
2022,3,4,66,1,225000
2022,3,5,66,1,218000
2023,3,6,66,1,150000
2021,3,5,64,0,20171
2023,3,5,66,1,195000
2023,2,3,25,1,46178
2023,3,4,66,1,107000
2022,3,1,66,1,230000
2023,3,5,66,1,159832
2022,2,5,25,1,51716
2022,3,4,22,1,42026
2023,3,4,66,1,252000
2023,1,5,66,1,185000
2023,3,4,66,1,115000
2022,0,5,8,2,52008
2023,0,3,49,0,30000
2023,0,0,18,1,64385
2023,3,1,66,1,184000
2023,2,4,22,1,80000
2023,0,1,66,0,110680
2023,3,3,66,1,95000
2023,3,4,10,1,160000
2022,3,5,66,1,107000
2023,2,3,66,1,121500
2023,3,2,66,1,135000
2022,3,3,66,1,130000
2023,2,6,66,0,104000
2022,3,5,60,0,8000
2023,3,8,66,1,200000
2022,3,4,10,1,185800
2022,3,4,66,1,182000
2022,3,3,66,1,110600
2022,3,6,66,1,204500
2023,3,5,66,1,285800
2023,3,5,66,1,130000
2021,0,5,65,0,13400
2020,2,3,66,0,85000
2022,3,4,66,1,50000
2022,3,4,66,1,170000
2022,2,4,66,1,130000
2022,3,3,66,1,81666
2022,3,1,66,1,184000
2022,2,5,66,1,31795
2023,3,5,66,1,180560
2023,3,5,66,1,78000
2023,3,5,66,1,183500
2022,3,4,66,1,100000
2022,3,4,66,1,144000
2022,3,5,66,1,127000
2023,3,1,66,0,309400
2022,3,5,66,2,55000
2023,3,6,66,1,220000
2023,0,4,66,1,160000
2022,2,6,66,2,120000
2022,3,3,22,1,50432
2023,3,3,66,1,122000
2022,3,5,66,1,140000
2023,2,3,25,1,54685
2023,0,3,66,1,150000
2022,3,4,66,1,175100
2022,2,3,66,1,100000
2022,2,4,66,1,54000
2023,3,5,66,1,199098
2023,1,4,66,1,110000
2022,2,4,66,1,100000
2023,3,4,66,1,163800
2022,3,5,66,1,191475
2022,2,6,54,2,44365
2022,3,4,66,1,215000
2022,3,3,66,1,85700
2022,2,6,12,0,104697
2023,2,4,66,1,120000
2023,3,8,66,1,145000
2021,2,5,66,0,147000
2020,0,3,56,1,22809
2022,3,5,66,1,141525
2023,3,4,66,1,128000
2022,3,5,66,1,161500
2023,3,3,66,1,80000
2023,3,5,66,1,172100
2023,3,3,66,1,110600
2023,3,6,66,1,109400
2023,3,5,66,1,275300
2023,3,3,66,1,110600
2022,3,3,66,1,150000
2022,3,4,62,2,12608
2023,2,4,66,1,100000
2022,2,6,17,1,5132
2023,0,4,66,1,85000
2023,2,3,66,1,80000
2023,3,6,66,1,342810
2023,3,1,66,0,136000
2023,0,4,66,1,73900
2023,3,4,66,1,160000
2023,2,6,66,1,150000
2022,3,6,66,0,131300
2023,3,7,66,1,169000
2022,3,4,66,1,208775
2023,3,6,66,1,190000
2022,2,3,66,1,165000
2023,3,3,66,2,110000
2023,3,6,66,1,163800
2023,2,3,25,1,97218
2023,0,4,66,1,61800
2023,0,4,66,1,135000
2022,3,8,66,1,249500
2023,3,8,66,1,146300
2022,2,7,20,2,31520
2022,2,5,66,1,102100
2023,3,3,66,1,145000
2022,3,3,66,1,150075
2022,3,0,10,2,275000
2022,0,3,66,0,64000
2023,3,5,10,1,143100
2023,3,4,66,1,129000
2022,2,5,25,1,67723
2022,3,5,66,1,129300
2022,3,3,66,1,106260
2023,3,4,66,1,253200
2022,2,5,66,0,157000
2022,3,5,66,1,172200
2023,3,5,66,1,235000
2022,3,4,66,1,115000
2022,3,6,66,0,202900
2023,3,4,66,1,141600
2023,3,3,66,1,180180
2022,3,3,66,1,115934
2022,3,4,66,1,140000
2023,0,3,66,1,75000
2022,3,5,66,1,140000
2023,3,5,66,1,162500
2023,0,5,35,0,12767
2023,3,4,66,1,185000
2022,0,5,10,0,51081
2023,2,3,66,1,112000
2023,3,4,66,1,226700
2023,2,8,66,1,125000
2023,3,3,66,1,208049
2022,1,4,66,1,135000
2022,2,3,25,1,55410
2022,3,5,66,2,120000
2023,3,4,66,1,222000
2022,2,4,22,1,84053
2022,3,5,66,0,215300
2023,0,5,66,1,120000
2022,2,5,66,1,158000
2023,2,4,66,1,200000
2023,3,5,66,1,225000
2022,2,3,66,1,52500
2022,3,4,66,1,110000
2023,0,8,66,1,150000
2022,0,4,66,0,86000
2022,3,5,66,0,183000
2022,2,4,22,1,47280
2023,1,5,66,1,100000
2023,3,3,66,1,105000
2022,2,3,18,2,50432
2022,2,4,66,1,108000
2023,3,6,66,1,257000
2023,3,4,66,1,231500
2023,3,5,66,1,105000
2020,0,5,18,2,49268
2023,1,4,66,1,110000
2023,2,4,66,1,143865
2023,3,6,66,1,109400
2022,2,5,66,1,120000
2023,2,4,66,1,150000
2022,3,4,66,1,125000
2023,3,4,66,1,180000
2022,2,4,66,1,100000
2023,3,5,66,1,129300
2022,3,6,66,1,180000
2021,3,4,66,2,160000
2022,2,3,66,1,112000
2023,2,3,66,1,79000
2022,2,5,6,0,83171
2023,3,3,66,1,65000
2022,3,4,66,1,190000
2021,2,6,8,1,88654
2022,3,3,66,1,126500
2022,3,4,66,1,190000
2022,0,3,66,0,105000
2023,3,5,66,1,203000
2023,2,5,25,1,72914
2023,2,4,66,1,146000
2022,3,5,66,0,160000
2022,2,4,66,1,122500
2023,2,5,25,1,72914
2023,3,5,66,1,238000
2022,2,3,66,1,140000
2023,2,4,66,1,95000
2023,3,4,66,1,100000
2023,2,4,66,1,115092
2022,2,0,66,1,200000
2023,3,4,66,1,252000
2022,2,4,66,1,60000
2022,2,3,66,1,79000
2022,3,5,66,1,200000
2022,3,6,66,0,202900
2022,3,4,66,1,100000
2023,2,5,39,2,80000
2023,3,6,66,1,150000
2023,3,4,66,1,219535
2022,3,6,66,1,129300
2022,3,3,66,1,90320
2022,2,3,66,1,165000
2022,1,4,66,1,310000
2022,3,5,66,1,136100
2023,3,3,66,1,130000
2023,0,3,66,0,60000
2022,3,6,66,1,130000
2022,3,5,22,1,47280
2023,3,4,66,1,115000
2022,3,3,66,1,236600
2022,0,6,6,2,150000
2023,3,4,66,1,115000
2022,3,4,25,1,103432
2022,2,3,66,1,65000
2023,2,3,66,1,150000
2023,3,2,66,1,225000
2022,3,3,66,1,93700
2023,2,6,25,1,97218
2023,2,4,66,1,125000
2022,3,6,66,0,131300
2022,2,5,50,0,73546
2023,3,5,66,1,168000
2021,2,4,35,0,22611
2023,3,3,66,1,80000
2022,3,4,66,1,105000
2022,3,5,66,1,175000
2023,3,6,66,1,205920
2023,0,4,66,1,125000
2023,3,5,66,1,297300
2022,3,5,66,1,140000
2022,3,5,66,1,179400
2023,3,6,10,1,269000
2023,2,4,66,1,125000
2022,2,4,25,1,91118
2023,2,4,66,1,160000
2022,0,4,66,1,160000
2022,3,5,66,1,206000
2021,2,8,24,2,56738
2022,3,5,66,0,160000
2022,3,3,66,1,90320
2022,3,5,66,1,225000
2023,0,4,66,1,85000
2022,3,3,6,0,171000
2022,2,6,35,1,15897
2022,0,2,66,0,76000
2023,3,8,66,1,130000
2023,2,5,33,1,80481
2023,3,5,66,1,220000
2023,2,5,25,1,60761
2023,3,4,66,1,150000
2023,3,4,66,1,130000
2021,0,6,24,1,20000
2022,3,6,10,1,140000
2022,3,6,66,1,204500
2022,2,3,66,1,160000
2022,3,5,66,1,153000
2023,3,3,66,1,179975
2022,3,6,24,1,73546
2022,2,3,35,0,18314
2023,3,7,66,1,105200
2023,0,1,18,1,42923
2023,3,4,66,1,230000
2022,3,4,66,1,150000
2023,3,4,66,1,189110
2022,3,6,10,1,116100
2021,3,3,66,2,115000
2022,3,5,66,1,104000
2023,3,4,66,1,250000
2023,3,3,66,1,90000
2023,3,4,66,1,276000
2023,2,4,66,1,190000
2023,3,4,66,1,140000
2023,2,3,66,1,140000
2023,3,4,66,1,260000
2022,3,5,66,1,156400
2022,3,4,66,1,160000
2023,3,4,66,1,170000
2023,3,4,25,1,136956
2023,2,4,66,1,105000
2022,3,4,66,1,130000
2023,3,5,66,1,231250
2021,2,3,66,0,80000
2023,3,4,66,1,140000
2023,3,6,66,1,163800
2022,2,3,66,1,100000
2023,3,4,66,1,75000
2022,3,5,66,0,100000
2023,3,4,66,1,167580
2023,3,8,66,1,210000
2023,3,4,66,1,202000
2022,3,5,66,1,152500
2021,0,3,66,2,55000
2022,3,5,66,0,159000
2023,0,3,66,1,60000
2023,3,5,47,1,90000
2023,3,4,66,1,146000
2022,0,3,4,0,50000
2022,2,4,22,1,84053
2022,3,4,66,1,184100
2022,3,4,66,1,155000
2022,2,4,9,1,42000
2023,1,4,66,1,207000
2023,3,4,66,1,150000
2023,3,4,66,1,163800
2023,3,5,66,1,134024
2023,3,5,66,1,170000
2023,3,4,66,1,175000
2023,3,7,25,1,72946
2023,3,5,10,1,141000
2020,2,8,66,1,450000
2022,3,5,66,1,249500
2022,2,3,66,1,60000
2022,3,2,66,1,120000
2022,2,3,66,1,100000
2023,3,8,22,1,169200
2023,3,5,66,1,129300
2023,3,1,66,0,260000
2021,3,6,66,0,185000
2022,3,4,66,1,150000
2023,3,5,66,1,110000
2022,3,3,66,1,81666
2022,3,5,66,1,88100
2022,3,4,66,1,146200
2023,3,6,66,1,170000
2023,1,5,66,1,300000
2023,0,4,66,1,160000
2021,2,5,13,0,40038
2023,3,3,66,1,127075
2023,0,3,66,1,100000
2020,0,8,50,0,42000
2023,3,4,18,2,85847
2022,3,6,10,1,110000
2022,3,4,66,1,140250
2022,3,4,66,1,63000
2022,0,4,66,1,160000
2023,3,8,66,1,200000
2023,3,4,66,1,139500
2023,2,8,25,1,195895
2023,3,5,66,1,90700
2023,3,5,66,1,198200
2023,3,5,10,1,175000
2022,3,5,66,1,141525
2022,0,5,18,1,50000
2023,3,4,66,1,163625
2023,3,3,66,1,87000
2022,3,5,22,1,37824
2022,3,3,66,1,60000
2022,2,4,66,1,170000
2023,3,5,66,1,275300
2023,3,4,66,1,65000
2022,3,6,66,1,201000
2021,2,5,35,1,33808
2022,3,3,66,1,144000
2023,3,4,66,1,241871
2022,2,3,25,1,36940
2022,3,3,66,1,93700
2023,3,4,66,1,115000
2023,3,5,66,1,129300
2023,3,5,66,1,275300
2022,3,6,66,0,131300
2022,3,4,66,1,135000
2023,3,4,66,1,149040
2022,3,4,66,1,231250
2023,3,4,66,1,250500
2022,3,5,66,1,243900
2023,2,4,66,1,106500
2023,3,4,66,1,179000
2020,3,6,66,0,150000
2023,3,5,66,1,260000
2022,3,1,66,1,216000
2022,3,4,66,1,95000
2022,3,5,66,1,141525
2023,3,4,66,1,109400
2023,3,4,66,1,106800
2022,2,4,25,1,98506
2023,3,2,66,1,160000
2022,3,1,66,1,184000
2023,3,3,66,1,175000
2023,3,5,66,1,134000
2022,3,3,66,1,68400
2022,3,4,66,0,195400
2022,3,4,66,1,135000
2023,3,4,66,1,170000
2023,1,5,66,1,145000
2021,3,5,38,2,168000
2023,3,4,66,1,223250
2022,3,4,66,1,200000
2023,3,4,66,1,146115
2021,2,3,25,0,51519
2022,3,3,66,1,110000
2023,2,5,25,1,85066
2023,0,3,66,1,55000
2022,3,4,66,1,99000
2023,2,3,35,0,16414
2022,3,4,66,1,135000
2022,2,4,27,1,84053
2021,0,8,14,0,100000
2023,2,3,66,1,125000
2023,3,4,66,1,133300
2022,3,5,66,1,191475
2022,1,5,66,1,159000
2023,3,6,66,1,188800
2022,2,5,9,1,54000
2023,3,5,66,1,299500
2022,0,6,18,0,66192
2023,3,3,66,1,175000
2022,3,6,66,1,180000
2021,3,4,66,0,174000
2022,3,4,66,1,63000
2023,3,4,66,1,225000
2023,0,4,66,1,61800
2022,3,3,66,1,110000
2022,3,4,10,1,192400
2022,2,4,66,1,150000
2022,3,6,66,1,248700
2023,3,6,66,1,150000
2023,3,6,66,1,135000
2023,3,5,66,1,190000
2022,3,4,66,1,260000
2022,2,4,66,1,63900
2022,3,3,66,1,110000
2022,3,5,66,1,185900
2022,0,4,53,1,20000
2023,3,5,66,1,152000
2022,3,3,66,1,150000
2022,3,4,25,1,80041
2023,3,8,66,1,210000
2023,2,5,66,1,115360
2023,3,4,66,1,174500
2023,3,4,66,1,232200
2023,3,5,33,1,113750
2023,3,4,66,1,230000
2023,0,4,66,1,160000
2023,2,4,66,1,162500
2022,3,5,66,1,191475
2023,3,4,66,1,122000
2022,3,4,66,1,190000
2022,3,6,66,1,142200
2021,3,4,25,2,76833
2023,0,3,66,1,48000
2022,3,4,66,1,160395
2022,3,5,66,1,300000
2022,2,3,66,1,160000
2023,3,4,66,1,115000
2022,3,4,66,1,135000
2023,3,4,66,1,129000
2023,0,3,66,1,75000
2022,3,4,66,1,120000
2023,2,5,66,1,100000
2023,3,3,66,1,127000
2023,3,3,66,1,110000
2023,3,4,50,0,100000
2021,0,6,18,1,24823
2021,0,6,18,2,85000
2022,3,4,66,1,240000
2022,3,3,66,1,99050
2023,3,2,66,1,125000
2022,3,6,47,1,255000
2022,3,5,66,0,144000
2022,3,4,66,1,100000
2023,3,2,66,1,140000
2023,3,4,66,1,178600
2022,2,0,66,0,200000
2023,3,4,66,1,145000
2023,2,5,66,1,130000
2022,3,4,66,1,155000
2023,3,6,66,0,134500
2023,2,4,66,1,102000
2022,3,5,66,1,153600
2022,3,5,66,1,141525
2023,3,4,25,1,230000
2023,3,7,66,1,140000
2023,3,3,66,1,180180
2022,3,4,66,0,205600
2021,1,5,66,0,250000
2021,0,6,15,1,21844
2022,3,3,66,1,95000
2022,3,5,66,0,180000
2023,3,6,66,0,261500
2022,3,4,66,1,150000
2022,0,4,50,0,59888
2022,2,4,66,1,135000
2023,2,3,66,1,155000
2021,2,4,64,1,28016
2023,3,4,66,1,200000
2023,3,5,66,1,153400
2023,3,1,66,0,159100
2022,3,3,66,1,81666
2022,3,4,66,1,178750
2022,3,6,66,1,183000
2022,2,3,25,1,43096
2022,3,6,66,0,195400
2023,3,4,66,1,90000
2022,3,4,66,0,160000
2022,3,5,66,1,191475
2023,3,4,66,1,172600
2023,3,4,66,1,166000
2022,2,4,66,1,100000
2023,3,4,66,1,143000
2022,3,6,66,1,186000
2023,3,3,66,1,125000
2022,3,4,25,1,61566
2022,3,6,10,1,187200
2021,2,3,66,0,36259
2023,3,5,66,1,160000
2023,3,5,66,1,297300
2023,1,5,25,1,127467
2022,3,3,66,1,99450
2021,0,5,18,0,63831
2022,3,2,49,2,200000
2022,3,5,66,1,155000
2023,3,4,66,1,179170
2023,3,6,66,1,125000
2023,3,4,66,1,113000
2023,3,3,66,1,170500
2023,3,4,66,1,120000
2023,2,4,66,1,100000
2023,3,4,66,1,193500
2023,3,4,66,1,120000
2023,3,7,66,1,140000
2022,3,5,66,1,123400
2023,3,5,66,1,150000
2023,3,3,11,1,42533
2022,3,4,66,1,250000
2023,3,4,66,1,167000
2023,3,4,66,1,183500
2022,1,3,66,1,110000
2023,3,4,66,1,167500
2022,3,5,66,1,38000
2021,0,5,66,2,90000
2023,1,5,66,1,258750
2023,3,3,66,1,125000
2022,3,8,24,0,89306
2022,2,5,66,1,100000
2023,3,6,66,1,122700
2022,0,5,66,1,74540
2023,3,3,66,1,153600
2023,1,4,66,1,205000
2023,3,5,10,1,176000
2022,3,5,66,1,210000
2022,3,3,66,1,109280
2021,3,4,25,1,50000
2023,3,4,66,1,155000
2023,2,4,66,1,150000
2023,2,4,66,1,75000
2022,3,4,66,1,315000
2022,3,5,66,1,191475
2022,3,4,66,1,129300
2022,3,6,66,1,210000
2023,0,4,66,1,92700
2021,0,5,66,1,80000
2023,3,4,66,1,147100
2023,3,4,66,1,145000
2023,3,6,66,1,199000
2023,3,4,66,1,65488
2023,3,5,66,1,275300
2023,0,1,66,0,204620
2022,3,4,66,1,165000
2023,3,8,66,1,210000
2022,3,3,66,1,216200
2022,3,5,66,1,94500
2022,3,4,66,1,63000
2021,3,4,66,0,150000
2022,3,4,66,1,197000
2022,3,5,66,1,130240
2023,3,3,66,1,85000
2023,3,4,66,1,114500
2023,3,5,66,1,134236
2023,3,6,66,1,289076
2022,3,6,66,1,192000
2022,3,4,66,1,146000
2022,3,4,66,1,106500
2022,2,4,25,1,135446
2023,3,3,66,1,95000
2023,3,3,66,0,202800
2023,0,4,66,1,125000
2023,3,5,66,1,198200
2022,2,3,66,1,150000
2022,3,4,66,1,155000
2022,0,5,22,0,27317
2023,3,1,66,1,184000
2023,3,5,66,1,122000
2023,3,7,56,0,75116
2022,3,6,10,1,227200
2022,1,4,66,1,239000
2023,3,4,66,1,275000
2022,3,4,66,1,179305
2023,2,3,25,1,85066
2022,3,4,66,1,95000
2022,3,4,66,1,145000
2023,0,5,10,0,51753
2023,3,3,66,1,135000
2023,0,4,66,1,92700
2022,3,4,66,1,135000
2021,2,4,25,0,82528
2022,3,4,66,1,185900
2023,3,4,66,1,90700
2022,3,6,66,1,120000
2023,3,4,10,1,145000
2022,0,5,66,0,80000
2022,0,4,18,1,55475
2023,3,4,66,1,203300
2022,3,4,66,1,170000
2023,3,6,66,1,275000
2021,3,5,66,0,174000
2022,3,4,66,1,152000
2022,3,4,66,0,154600
2023,2,4,66,1,167500
2022,3,4,66,1,63000
2023,3,6,66,1,289076
2023,3,3,66,1,60000
2022,3,4,66,1,129400
2023,1,4,66,1,310000
2022,3,6,23,2,63040
2023,3,1,66,1,196000
2022,3,5,66,1,198440
2023,3,6,66,1,150000
2022,3,4,66,1,100000
2021,2,4,44,2,18000
2023,3,5,66,1,209300
2023,3,5,22,1,38631
2020,2,5,66,0,105000
2023,3,5,66,1,120000
2022,0,4,3,2,13000
2022,2,4,66,1,161000
2023,1,4,66,1,153000
2020,2,3,66,0,87000
2022,2,8,66,1,100000
2022,3,6,55,1,200000
2023,3,4,66,1,175000
2020,2,5,18,0,79833
2023,2,4,66,1,70000
2023,3,5,66,1,156400
2023,3,4,66,1,90700
2023,3,4,66,0,123700
2022,3,5,66,1,140000
2023,3,5,66,1,138784
2023,2,3,66,1,105380
2023,2,6,66,1,250000
2022,3,4,66,1,250000
2021,0,5,66,2,100000
2023,3,4,66,1,140000
2021,2,5,66,0,109000
2021,2,5,22,1,46809
2022,3,4,66,1,129300
2023,3,5,66,1,153300
2022,3,4,10,1,178000
2022,2,4,25,1,67723
2023,3,3,66,1,125000
2022,3,3,66,1,105400
2023,0,4,66,1,85000
2022,3,6,66,1,186000
2020,2,4,66,1,56000
2023,3,4,66,1,176000
2023,3,3,66,1,75000
2022,3,5,66,1,205300
2022,3,4,25,1,102663
2022,3,3,66,1,69000
2023,3,5,66,1,152000
2023,3,3,66,1,180180
2022,3,4,66,1,250000
2022,3,5,66,1,220000
2023,3,3,66,1,90000
2023,2,7,66,1,135000
2022,2,6,25,1,80036
2022,0,4,66,1,85000
2022,3,5,66,1,130000
2020,1,5,66,0,325000
2022,2,5,35,0,30523
2022,2,4,66,1,160000
2023,3,1,66,0,126100
2022,3,5,66,0,104300
2023,3,6,66,1,247500
2023,2,3,66,1,72000
2023,3,4,66,1,113900
2020,2,5,35,0,40481
2022,3,4,66,1,150000
2021,2,4,50,0,45391
2023,3,4,66,1,140000
2021,1,5,18,1,130026
2023,3,4,66,1,124740
2023,3,4,66,1,160000
2023,3,3,66,1,51962
2022,3,6,66,1,214000
2023,3,5,66,1,154600
2021,3,0,22,0,55000
2023,3,4,66,1,228000
2021,2,6,54,0,46597
2022,3,5,66,1,130000
2023,3,5,66,1,237000
2023,1,4,66,1,284000
2023,3,5,66,1,115000
2023,3,4,66,1,106800
2022,3,3,66,1,112900
2022,3,4,66,1,185900
2021,3,4,10,1,99703
2023,3,4,66,1,115000
2022,1,1,66,2,180000
2022,3,5,66,1,191475
2022,0,5,35,1,17805
2022,2,3,60,1,65257
2023,0,4,66,1,135000
2020,3,6,30,2,45618
2022,3,4,66,0,154600
2022,3,1,66,1,144000
2022,3,5,25,1,98506
2023,2,4,66,1,102000
2023,0,0,7,2,120000
2023,3,2,66,1,135000
2023,3,5,25,1,185000
2023,3,5,66,1,150000
2023,3,4,66,1,203000
2023,3,4,66,1,120000
2023,3,4,66,1,150000
2022,3,4,66,1,63000
2022,2,5,47,0,30000
2022,2,5,64,1,25000
2023,2,6,25,1,121523
2023,3,8,66,1,250000
2022,2,4,66,1,150000
2022,3,5,66,1,185900
2023,3,4,66,1,135000
2022,3,5,66,0,189500
2021,0,3,41,0,59102
2022,2,3,66,1,124000
2022,3,5,66,1,141525
2021,2,4,66,0,200000
2022,3,4,66,1,180000
2023,2,4,66,1,95000
2022,3,6,24,0,84053
2023,3,6,24,1,75116
2022,3,4,66,1,150000
2022,2,3,66,1,135000
2023,3,3,66,1,185000
2021,3,3,66,0,200000
2023,3,1,66,0,159100
2022,3,4,66,1,249500
2021,0,3,6,0,42028
2022,0,5,66,1,85000
2023,2,5,25,1,78990
2023,3,5,66,1,130000
2022,3,4,66,1,192564
2023,3,4,66,1,102544
2022,2,4,25,1,104663
2022,2,4,66,1,105000
2022,3,6,66,1,243000
2022,0,6,43,2,10000
2023,3,5,66,1,228000
2020,3,6,10,0,117104
2022,3,5,22,1,47280
2022,3,4,56,1,63040
2021,2,4,66,0,170000
2022,2,4,66,1,150000
2022,3,6,55,1,135000
2023,2,5,66,1,120000
2022,0,5,25,0,33246
2023,3,4,66,1,100000
2022,3,6,56,0,69344
2022,3,5,66,0,119300
2023,1,4,66,1,167500
2023,3,4,10,1,153000
2022,2,6,24,2,58837
2023,3,3,66,1,80000
2022,3,5,66,1,128000
2020,1,3,10,1,15000
2022,3,4,66,1,135000
2022,3,4,66,1,230400
2023,3,5,23,1,68318
2022,0,0,6,1,40000
2022,3,4,66,1,115000
2022,3,5,22,1,37824
2022,3,4,66,1,220110
2023,2,3,66,1,140000
2023,3,6,66,1,142200
2022,3,5,66,1,260000
2023,3,3,66,1,204500
2022,2,4,66,1,200000
2022,3,3,22,1,36773
2022,1,3,66,1,130000
2022,3,4,66,1,63000
2023,2,5,25,1,66837
2022,3,4,66,0,154545
2022,3,6,66,1,210000
2023,2,3,66,0,130000
2023,3,3,66,1,100000
2023,2,3,66,1,110000
2023,1,4,66,1,145000
2022,3,5,66,1,123000
2023,2,6,66,1,250000
2023,3,6,10,1,95000
2022,2,5,66,2,48000
2023,3,5,10,1,125686
2023,3,4,66,1,150000
2023,3,4,66,1,170000
2021,3,5,66,0,54094
2023,3,5,66,1,170000
2021,3,3,66,1,170000
2023,3,4,66,1,126000
2023,3,5,66,1,168400
2022,3,3,66,1,110600
2021,1,3,66,0,150000
2023,3,4,66,1,174500
2023,3,5,66,1,200000
2023,3,4,66,0,205600
2022,2,5,66,1,130000
2023,3,5,66,1,186000
2023,0,1,66,0,130760
2022,2,5,25,1,118208
2023,3,4,66,0,240500
2021,3,3,66,0,140000
2022,3,4,66,0,195400
2023,3,5,66,1,122700
2022,3,4,66,2,48000
2021,0,1,66,0,225000
2021,0,3,66,1,80000
2023,3,6,66,1,150000
2021,2,5,35,2,16904
2022,3,4,66,1,197430
2023,3,3,66,1,160000
2022,0,5,66,1,93000
2023,3,4,66,1,153600
2022,3,5,66,1,137141
2021,3,4,66,0,153000
2023,3,5,66,1,136000
2021,0,5,25,0,110037
2022,2,6,66,1,124000
2023,3,4,66,1,81500
2023,3,4,66,1,112000
2023,3,6,66,1,126000
2021,2,5,66,2,82500
2023,2,5,66,1,90000
2023,3,4,24,2,53654
2023,3,4,66,1,81500
2023,3,4,66,1,137500
2023,3,8,66,1,110000
2022,3,8,66,0,144000
2023,3,3,66,1,95000
2023,3,5,10,1,110000
2023,3,4,66,1,160000
2022,3,5,66,1,140700
2022,3,3,66,1,81666
2023,3,4,66,1,180000
2023,3,4,66,1,160000
2023,3,3,66,1,385000
2022,3,5,66,1,99360
2022,2,4,25,1,55410
2022,3,3,66,1,135000
2023,3,1,66,0,262500
2022,3,4,66,1,135000
2022,2,3,66,1,100000
2023,3,7,66,1,105200
2023,3,4,66,1,207000
2023,3,3,66,1,227000
2021,3,6,35,0,66265
2021,3,5,35,0,94665
2023,3,6,66,1,234100
2023,3,4,66,1,252000
2023,3,5,22,1,38631
2022,3,5,66,1,177500
2022,3,5,66,1,141525
2023,3,3,22,1,51508
2022,3,5,66,1,136000
2022,3,4,66,1,130000
2022,3,4,66,1,135000
2022,0,4,66,1,160000
2022,3,4,66,1,139860
2022,3,3,10,1,61300
2023,3,3,66,1,85000
2023,3,6,66,1,204500
2022,3,5,66,1,185900
2023,3,8,18,0,123405
2023,3,4,66,1,139000
2022,3,3,66,1,145000
2023,3,5,66,1,198200
2022,3,5,66,0,202800
2021,3,7,61,0,102839
2021,0,6,66,2,81000
2022,3,3,25,1,92350
2023,3,5,66,1,140000
2022,1,8,50,0,84053
2023,0,2,66,1,100000
2023,3,5,66,1,70000
2023,3,2,66,1,129300
2022,3,4,10,1,90700
2022,3,4,66,1,105000
2023,3,4,66,1,113750
2023,3,5,66,1,144000
2022,3,5,66,0,236900
2022,0,4,25,1,43096
2023,3,4,66,1,129000
2023,2,4,66,1,130000
2023,2,3,66,1,124000
2022,3,5,66,1,50000
2023,3,6,66,1,247500
2023,2,3,66,1,105000
2022,3,3,66,1,175950
2021,2,3,66,0,62000
2022,3,3,66,1,116000
2023,3,4,66,1,136850
2022,3,4,66,1,100000
2023,3,7,66,1,199000
2022,3,3,66,1,95000
2023,3,3,66,1,106020
2023,3,6,66,1,200000
2022,3,4,66,1,175000
2022,0,4,66,1,120000
2022,3,5,66,1,180000
2022,2,4,66,1,60000
2023,3,5,66,1,252000
2023,3,4,66,1,174500
2022,3,6,66,1,192000
2023,3,1,66,0,136000
2022,3,6,66,1,148800
2022,3,4,66,1,124270
2022,3,5,66,1,207000
2023,3,4,66,1,183600
2022,0,6,25,2,55410
2023,2,4,25,1,57723
2022,2,4,66,1,24000
2022,3,5,66,0,160000
2022,2,6,66,1,90000
2022,3,5,66,1,191475
2022,2,6,56,0,55685
2021,2,4,27,1,40189
2022,0,4,66,1,160000
2023,2,3,66,1,80000
2022,3,4,66,1,216000
2023,2,4,66,1,130000
2023,3,3,66,1,137500
2023,2,3,66,1,165000
2022,3,4,66,1,116250
2023,3,4,66,1,165000
2023,3,5,22,1,48289
2022,3,6,66,1,189650
2023,3,1,66,0,350000
2022,3,5,66,1,185900
2022,2,5,18,1,60938
2023,3,4,66,1,163800
2023,3,4,66,1,129000
2022,3,4,66,1,205000
2023,0,0,18,0,214618
2022,2,3,10,1,65000
2023,3,4,66,1,129300
2022,3,4,66,1,63000
2023,2,6,25,1,58331
2023,2,3,66,1,60000
2022,2,4,27,1,47280
2023,3,5,66,1,133200
2022,2,3,25,1,61566
2023,3,4,66,1,160000
2023,3,3,66,1,105000
2023,3,8,66,1,200000
2023,2,3,25,1,48609
2022,3,3,66,1,100000
2022,3,6,66,1,201000
2023,3,3,66,1,106020
2023,3,4,66,1,140000
2021,2,8,10,1,63810
2023,2,5,66,1,183310
2022,3,4,66,1,160000
2023,3,4,66,1,75000
2022,3,4,66,1,100000
2023,3,5,66,1,210000
2022,2,4,35,0,35610
2023,2,6,66,1,300000
2023,1,4,66,1,236000
2023,3,5,66,1,165000
2022,3,3,66,1,92250
2022,3,4,66,1,135000
2023,3,4,66,1,173000
2023,3,6,66,1,184000
2023,3,4,66,1,140000
2022,3,3,66,1,177000
2021,0,6,66,1,70000
2023,3,4,66,1,146000
2022,3,5,66,1,191475
2021,0,5,18,2,76833
2023,3,5,66,1,257000
2022,2,5,24,1,94560
2022,3,3,25,1,86193
2022,2,5,66,1,90000
2023,0,3,66,1,56100
2023,3,4,66,1,130000
2022,3,4,66,0,230000
2021,2,3,66,0,135000
2023,3,3,66,1,106800
2022,3,4,66,1,135000
2023,3,6,66,1,220000
2022,2,4,25,1,80036
2023,3,3,22,1,51508
2022,3,6,66,1,210000
2022,3,7,37,0,68293
2022,3,6,33,2,68293
2022,3,3,66,1,169000
2022,2,3,66,0,80000
2023,2,6,66,0,135000
2022,2,3,10,1,100000
2022,3,1,66,1,142000
2023,3,4,66,1,252000
2022,3,8,1,2,10000
2023,3,5,66,1,245100
2022,2,4,27,1,52533
2022,3,4,56,1,42026
2022,2,4,66,1,65000
2023,3,4,66,1,200000
2021,2,5,18,0,88654
2022,3,5,66,1,249260
2023,3,7,66,1,168400
2022,3,4,66,1,225000
2023,3,4,66,1,210000
2021,3,4,66,0,185000
2022,1,4,66,1,200000
2023,3,2,66,1,185900
2020,2,4,18,2,59303
2022,3,4,66,1,220000
2022,3,4,66,1,160000
2023,2,4,66,1,100000
2022,0,4,66,1,135000
2023,3,5,66,1,175000
2022,3,3,66,1,127000
2021,2,5,66,2,5679
2022,2,4,66,1,90000
2022,3,4,66,1,120000
2023,3,5,66,1,186300
2023,2,6,66,0,219000
2021,3,6,66,1,195000
2022,3,1,66,1,141525
2023,3,5,66,1,140000
2022,3,6,66,1,375000
2023,0,5,66,1,71907
2022,3,5,66,1,210000
2023,2,3,66,1,105500
2023,3,6,66,1,142200
2022,3,5,66,1,51000
2023,3,4,66,1,153600
2023,3,7,25,1,54365
2022,3,2,66,1,140000
2022,3,5,66,1,185900
2021,1,5,58,1,85000
2023,3,5,66,1,139000
2022,3,4,66,1,120000
2023,3,5,66,1,129300
2022,3,3,66,1,99000
2023,3,1,66,1,230000
2023,1,4,66,1,180000
2022,3,4,66,1,110000
2022,3,5,66,0,140100
2021,0,6,35,2,20000
2022,2,4,25,1,80036
2023,3,1,66,1,180000
2023,2,4,66,1,175000
2023,3,7,66,1,140000
2023,2,4,22,1,95000
2022,2,5,66,1,160000
2023,3,5,66,1,160000
2022,3,5,66,1,170000
2023,3,5,66,1,82365
2023,3,4,66,1,154000
2023,3,6,66,1,200000
2023,3,0,65,1,108000
2021,2,4,66,0,200000
2022,3,4,66,1,250000
